id,doc_id,text,p_hate,label
1,047461152_20_2019-24_pdf_128_047461152_20_2019-24_pdf_128_0048,"10470 
Hessischer Landtag · 20. Wahlperiode · 128. Sitzung · 15. Februar 2023

Damit wird dieser Gesetzentwurf, dessen langen Namen 
vorzulesen ich uns jetzt allen erspare, Drucks. 20/10496, 
dem Sozial-und Integrationspolitischen Ausschuss überwiesen.",0.22107631,NON_HATE
2,047461152_20_2019-24_pdf_007_047461152_20_2019-24_pdf_007_0003,"Hessischer Landtag · 20. Wahlperiode · 7. Sitzung · 28. Februar 2019

13. 
Erste Lesung 
Gesetzentwurf 
Fraktion der CDU, Fraktion BÜNDNIS 90/
DIE GRÜNEN 
Zweites Gesetz zur Änderung des Hessischen 
Behinderten-Gleichstellungsgesetzes 
 Drucks. 20/178 ................................................465 
Nach erster Lesung dem Sozial- und Integrationspolitischen 
Ausschuss überwiesen.................473

Silvia Brünnel....................................................... 
465 
Christiane Böhm................................................... 
466 
Arno Enners..................................................467, 472,",0.76240134,NON_HATE
3,047461152_20_2019-24_pdf_096_047461152_20_2019-24_pdf_096_0001,"10. 
Große AnfrageVolker Richter (AfD), Dimitri Schulz 
(AfD), Claudia Papst-Dippel (AfD), Arno 
Enners (AfD), Fraktion der AfDMuezzin-Rufe in Hessen 
 Drucks. 20/5128 
zu Drucks. 20/3809 ...........7758 
Antwort dem Ausschuss für Umwelt, Klimaschutz, 
Landwirtschaft und Verbraucherschutz 
zur weiteren Beratung überwiesen.......................7758

11. 
Große AnfrageVolker Richter (AfD), Arno Enners (AfD),
Klaus Herrmann (AfD), Dimitri Schulz 
(AfD), Fraktion der AfDSozialleistungsbezug durch Personen mit 
ausländischer Staatsangehörigkeit bei fehlendem 
tatsächlichem oder gewöhnlichem 
Aufenthalt 
 Drucks. 20/5203 
zu Drucks. 20/4199 ...........7758 
Antwort dem Sozial-und Integrationspolitischen 
Ausschuss zur weiteren Beratung überwiesen...................................................................7758

12. 
Große AnfrageVolker Richter (AfD), Claudia Papst-Dippel 
(AfD), Arno Enners (AfD), Klaus Gagel(AfD), Dr. Frank Grobe (AfD)
Etwaige Umsetzung des § 20 Abs. 6 IfSG inHessen und der BRD 
 Drucks. 20/5216 
zu Drucks. 20/5087 ...........7758 
Antwort dem Sozial-und Integrationspolitischen 
Ausschuss zur weiteren Beratung überwiesen.................................",0.19248393,NON_HATE
4,047461152_20_2019-24_pdf_045_047461152_20_2019-24_pdf_045_0073,"Zu guter Letzt möchte ich Bürgermeister Dr. Thomas 
Stöhr, Präsident des Hessischen Städte-und Gemeindebunds, 
zitieren:

Die Einigung berücksichtigt, dass Städte, Gemeinden 
und Landkreise die Aufgaben im Zusammenhang 
mit der Unterbringung Geflüchteter nur gemeinsam 
lösen können

Der Zusammenhalt des Landes und der kommunalen Ebene 
bei der Bewältigung dieser Herausforderungen ist besonders 
wichtig. Die Landesregierung greift mit diesem 
Gesetzentwurf den Kommunen unter die Arme. Deswegen 
bitte ich Sie, diesen Gesetzentwurf zu unterstützen.",0.22879419,NON_HATE
5,047461152_20_2019-24_pdf_055_047461152_20_2019-24_pdf_055_0057,"Dem stellen wir uns als AfD entgegen, und zwar gemeinsam 
mit sehr vielen Migranten, die nämlich aus genau dem 
Grund so gern in Hessen leben, weil sie hier frei sein dürfen, 
und es ablehnen, wie in ihrer Heimat von der Politik 
oder von religiösen Eiferern gemaßregelt und gegängelt zu 
werden. Sie von den etablierten Parteien wären überrascht, 
wie viele Migranten Anhänger der AfD sind, und noch 
mehr wären Sie überrascht, dass bei diesen nicht wir als 
Rassisten gelten, sondern diejenigen, die mit ihrer Doppelmoral 
die Migranten hofieren, die exakt jene Missstände",0.46098244,HATE
6,047461152_20_2019-24_pdf_104_047461152_20_2019-24_pdf_104_0064,"Hessen finanziert  das wurde hier auch schon angesprochen 
 die Schulgelder in der Altenpflegeausbildung und 
beteiligt sich an der Aktion Ausbildungsoffensive Pflege.

Ich möchte auf verschiedene Programme hinweisen, die 
schon seit Langem in Hessen stattfinden und bei diesem 
Thema vielleicht gerade untergegangen sind: Das Programm 
Sozialwirtschaft integriert ist ein sehr erfolgreiches 
Programm. Deswegen wird es auch 2022 fortgesetzt, 
nämlich mit 7,2 Millionen . Das ermöglicht genau das, 
was hier eben angesprochen wurde, nämlich Menschen 
mit Flucht- und Migrationsgeschichte eine Ausbildung als 
Erzieherin oder als Pflegekraft zu ermöglichen. Ich denke, 
auch damit sind wir auf einem guten Weg hier in Hessen.

(Beifall BÜNDNIS 90/DIE GRÜNEN und vereinzelt 
CDU)",0.011570223,NON_HATE
7,047461152_20_2019-24_pdf_099_047461152_20_2019-24_pdf_099_0035,"Unser Dank gilt den unzähligen Menschen auch in Hessen, 
die Geflüchtete aufnehmen. Es ist großartig, wie sich Tausende 
Menschen in ihren Kommunen, vom kleinsten Dorf 
bis zum größten Landkreis, in den Städten und auf dem 
Land, jetzt ins Zeug legen, um den Geflüchteten zu helfen. 
Das ist ein ganz großartiges Zeichen.

Wir begrüßen, dass die EU mit dem Beschluss zu der sogenannten 
Massenzustrom-Richtlinie  wahrlich ein furchtbares 
Wort  einen schnellen und unbürokratischen Weg 
gefunden hat, ukrainischen Geflüchteten Schutz zu bieten. 
Aber ich sage auch: Eine ähnliche Ge- und Entschlossenheit 
bei der Aufnahme von Schutzsuchenden hätten wir

uns schon früher gewünscht. Anlässe gab es in jüngster 
Vergangenheit genug. Warum konnte 2015, als von einer 
Flüchtlingswelle gesprochen wurde, nicht diese Richtlinie 
zum Greifen kommen? Solidarität, Schutz und Unterstützung 
müssen doch für alle Menschen gelten, die vor 
Kriegen und Gewalt fliehen müssen.",0.024435908,NON_HATE
8,047461152_20_2019-24_pdf_144_047461152_20_2019-24_pdf_144_0017,"Ja, wir haben am 8. Oktober Landtagswahl. Ich finde, 
da gehört es zum politischen Diskurs, dass die Parteien 
ihre unterschiedlichen Auffassungen darlegen. Die einen, 
die CDU, wollen lieber über die Ampel in Berlin reden. 
Andere, wie wir, sagen, es geht um Landespolitik. Das ist 
zunächst auch zulässig. Wir wollen Menschen von unseren 
Auffassungen überzeugen. Natürlich haben Menschen in 
diesem Land Sorgen, Ängste und Nöte: Wie geht es mit 
der Migration und der Integration weiter? Wie halten wir 
es mit den Flüchtlingen? Ich finde, da müssen wir auch mit 
den Menschen diskutieren. Wir müssen auch Antworten 
darauf geben.

Das Thema Migration und Integration eignet sich für den 
Wahlkampf normalerweise am allerwenigsten, weil es die 
einfachen, schnellen Lösungen, die Rechtsaußen bietet, an 
der Stelle nicht gibt. Ja, und wer Obergrenzen für Flücht-
linge fordert, muss auch sagen, was er dann mit dem einen 
Flüchtling mehr über der Obergrenze macht.",0.023019202,NON_HATE
9,047461152_20_2019-24_pdf_102_047461152_20_2019-24_pdf_102_0025,"Meine Damen und Herren, nach der ersten Lesung überweisen 
wir den Gesetzentwurf der Fraktion der Freien 
Demokraten zur weiteren Beratung an den Sozial-und 
Integrationspolitischen Ausschuss.",0.25490355,NON_HATE
10,047461152_20_2019-24_pdf_026_047461152_20_2019-24_pdf_026_0047,"Vielen Dank, Herr Staatsminister.  Weitere Wortmeldungen 
sehe ich nicht.

Die dritte Lesung ist beantragt. Damit überweisen wir diebeiden Gesetzentwürfe mit den beiden Änderungsanträgen 
zurück an den Sozial-und Integrationspolitischen Ausschuss 
zur Vorbereitung der dritten Lesung.",0.4535009,NON_HATE
11,047461152_20_2019-24_pdf_055_047461152_20_2019-24_pdf_055_0095,"Vielen Dank, Herr Kollege.  Mir liegen keine weiteren 
Wortmeldungen vor.

Es wurde die dritte Lesung des Gesetzentwurfs beantragt.
Deswegen überweisen wir den Gesetzentwurf mit dem Änderungsantrag 
zur Vorbereitung der dritten Lesung an den 
Sozial- und Integrationspolitischen Ausschuss.",0.23241083,NON_HATE
12,047461152_20_2019-24_pdf_112_047461152_20_2019-24_pdf_112_0056,"Antwort Kai Klose, Minister für Soziales und Integration:

Das Hessische Ministerium für Soziales und Integration 
prüft derzeit intensiv die Möglichkeiten der Umsetzung des 
Konzepts anonymer Behandlungsschein und Clearingstellen 
für Hessen.

Hierzu gab es neben Gesprächen mit Medinetz Marburg",0.28994444,NON_HATE
13,047461152_20_2019-24_pdf_012_047461152_20_2019-24_pdf_012_0042,"(Zurufe Christian Heinz und Hartmut Honka (CDU))

Parallel hierzu entwickelte sich eine mit Steuergeldern sowie 
Schuldenaufnahme finanzierte Asylindustrie.

(Michael Boddenberg (CDU): Gehen Sie doch zu Ihren 
Parteifreunden bei der FPÖ!)",0.01709417,HATE
14,047461152_20_2019-24_pdf_077_047461152_20_2019-24_pdf_077_0003,"49. 
Beschlussempfehlung und BerichtInnenausschuss 
EntschließungsantragFraktion der CDU, Fraktion BÜNDNIS 90/
DIE GRÜNEN 
Angepasste und verantwortungsbewussteAusbildung bei der freiwilligen Feuerwehrunter erschwerten Pandemiebedingungen Drucks. 20/5711 
zu Drucks. 20/5682 ...........6227 
Beschlussempfehlung angenommen....................6227

63. 
Beschlussempfehlung und BerichtSozial-und Integrationspolitischer Ausschuss 
AntragDr. Daniela Sommer (SPD), Lisa Gnadl 
(SPD), Ulrike Alex (SPD), Frank-Tilo Becher 
(SPD), Wolfgang Decker (SPD), Nadine 
Gersberg (SPD), Turgut Yüksel 
(SPD), Fraktion der SPDGesundheitsversorgung für Kinder und Jugendliche 
sicherstellen Drucks. 20/5861 
zu Drucks. 20/5737 ...........6227 
Beschlussempfehlung angenommen....................6227

64. 
Beschlussempfehlung und BerichtSozial-und Integrationspolitischer Ausschuss 
Dringlicher AntragDr. Daniela Sommer (SPD), Lisa Gnadl 
(SPD), Ulrike Alex (SPD), Frank-Tilo Becher 
(SPD), Wolfgang Decker (SPD), Tobias 
Eckert (SPD), Nadine Gersberg (SPD),
Turgut Yüksel (SPD), Fraktion der SPDImpfgeschehen, Impftempo und Impfquote Drucks. 20/5862 
zu Drucks. 20/5784 ...........6227 
Beschlussempfehlung ang",0.02179452,NON_HATE
15,047461152_20_2019-24_pdf_141_047461152_20_2019-24_pdf_141_0096,"Das gilt ganz besonders für obdachlose Menschen und jene 
Migranten, welche in ihrem Heimatland Gewalt erfahren 
haben; denn denen tun Sie mit diesem Gesetz keinen Gefallen.",0.37438026,NON_HATE
16,047461152_20_2019-24_pdf_039_047461152_20_2019-24_pdf_039_0058," Doch, genau das ist das Thema.  Anstatt hiergegen etwas 
zu tun und uns das schon vor Monaten angekündigte 
Landesaufnahmeprogramm vorzulegen, lassen Sie uns jetzt 
über so einen Staatsvertrag abstimmen und wollen ihn 
durchwinken. Meine Damen und Herren, mit dieser Haltung 
machen Sie sich aber mitschuldig. 
(Zurufe CDU)

Sie machen sich mitschuldig am Elend dieser Menschen, 
die in den Flüchtlingslagern elendig vor sich hinkrepieren 
müssen und die reihenweise im Mittelmeer ertrinken. Sie 
machen sich mit dieser Haltung mitschuldig. Dessen müssen 
Sie sich bewusst sein.",0.91311735,NON_HATE
17,047461152_20_2019-24_pdf_101_047461152_20_2019-24_pdf_101_0004,"29. 
AntragFraktion der Freien Demokraten 
Kunst ohne Kopierschutz! Nutzung freier 
Lizenzen in hessischen Museen ermöglichen 
 Kunst liberalisieren 
 Drucks. 20/5068 ............................................8203 
Von der Tagesordnung abgesetzt.........................8203

30. 
AntragFraktion DIE LINKE 
Abschiebungen nach Somalia aussetzen Drucks. 20/5492 ............................................8203 
Von der Tagesordnung abgesetzt.........................8203",0.16938497,NON_HATE
18,047461152_20_2019-24_pdf_111_047461152_20_2019-24_pdf_111_0016,"Sehr geehrter Herr Präsident, meine sehr verehrten Kollegen! 
Ich habe überlegt, wie man jetzt adäquat darauf 
reagiert, was der Kollege Lambrou vorgetragen hat. Ich 
glaube, das Einfachste ist vielleicht, Frau Kollegin Sönmez, 
wir berichten einmal von der Besuchergruppe, deren 
Treffen gestern stattgefunden hat. Dort saßen wir bei einer 
Besuchergruppe eines Integrations- und Sprachkurses mit 
Frau Heitland und anderen. Es waren 43 Menschen, 43 
Nicht-Deutsche, die darum gebeten haben, dass ihre Inte

gration schneller stattfindet, weil sie arbeiten möchten. Da 
saß auch ein Herr Lambrou.",0.0150490105,NON_HATE
19,047461152_20_2019-24_pdf_107_047461152_20_2019-24_pdf_107_0082,"(Vereinzelter Beifall BÜNDNIS 90/DIE GRÜNEN 
und CDU)

Genauso wird in dem Antrag davon gesprochen, dass es 
in Thüringen die Gesundheitskarte für die Geflüchteten 
gebe und dass Geflüchtete in Thüringen dieselbe Gesundheitsversorgung 
hätten wie alle anderen Menschen in der 
gesetzlichen Krankenversicherung.  Auch das entspricht 
leider nicht der Realität; denn das, was in Thüringen geschaffen 
wurde, ist einfach nur eine Form der Abrechnung. 
Während in Hessen Geflüchtete mit einem Krankenschein 
abgerechnet werden, passiert das in Thüringen mit einer 
Krankenkassenkarte. Aber die Leistungen unterscheiden 
sich kein bisschen: Die Leistungen für Geflüchtete in Hessen 
sind exakt dieselben wie in Thüringen. Wenn wir das 
ändern wollen, dann müssen wir das Bundesgesetz ändern, 
dann müssen wir Asylsuchende genauso gleichstellen wie

z. B. ALG-II-Empfänger, und dafür setzen wir als GRÜNE 
uns schon lange ein. 
(Beifall BÜNDNIS 90/DIE GRÜNEN  Zurufe DIE 
LINKE)",0.01658473,NON_HATE
20,047461152_20_2019-24_pdf_051_047461152_20_2019-24_pdf_051_0003,"64. 
Beschlussempfehlung und BerichtSozial-und Integrationspolitischer Ausschuss 
EntschließungsantragFrank-Tilo Becher (SPD), Lisa Gnadl 
(SPD), Ulrike Alex (SPD), Wolfgang Decker 
(SPD), Nadine Gersberg (SPD), Dr. 
Daniela Sommer (SPD), Turgut Yüksel 
(SPD), Fraktion der SPDHumanitäre Aufnahme von Flüchtlingen inHessen 
 Drucks. 20/3447 
zu Drucks. 20/3003 ...........3894 
Beschlussempfehlung angenommen....................3894

65. 
Beschlussempfehlung und BerichtSozial-und Integrationspolitischer Ausschuss 
AntragFraktion der SPD 
Hoher Ausbau- und Investitionsbedarf bei 
Kindertageseinrichtungen  Landesprogramm 
ist ein Tropfen auf den heißen Stein Drucks. 20/3448 
zu Drucks. 20/3015 ...........3895 
Beschlussempfehlung angenommen....................3895

66. 
Beschlussempfehlung und BerichtSozial-und Integrationspolitischer Ausschuss 
Dringlicher EntschließungsantragFraktion der CDU, Fraktion BÜNDNIS 90/
DIE GRÜNEN 
Kitas in Hessen sind gut aufgestellt: Hessenstellt eine Milliarde für Kinderbetreuung 
bereit 
 Drucks. 20/3449 
zu Drucks. 20/3075 ...........3895 
Beschlussempfehlung angenommen....................3895",0.05308966,NON_HATE
21,047461152_20_2019-24_pdf_031_047461152_20_2019-24_pdf_031_0078,"2474 
Hessischer Landtag · 20. Wahlperiode · 31. Sitzung · 29. Januar 2020

Zusammengefasst kann man eigentlich sagen, dass das Interesse 
an Migrantinnen und Migranten nur darin besteht, 
wie man sie am besten dem Niedriglohnsektor zuführen 
kann.",0.014926901,HATE
22,047461152_20_2019-24_pdf_091_047461152_20_2019-24_pdf_091_0098,"Sehr verehrter Herr Präsident, meine sehr verehrten Damen 
und Herren! Im Teilhaushalt 08 haben wir als Alternative 
für Deutschland eine Vielzahl an Leistungen, welche wir 
erheblich kürzen möchten, um zum einen den Haushalt zu 
entlasten und zum anderen Mittel für andere Zwecke frei 
zu machen, die wir für wichtiger erachten. Es gibt davon 
sehr viel, was enorm wichtig ist und unseren Bürgern auch 
wieder zurückgegeben werden muss.

(Beifall AfD  Felix Martin (BÜNDNIS 90/DIEGRÜNEN: Lassen Sie mich raten: bei den Flüchtlingen!)

Da bedankt sich die AfD mit einem Blick nach links bei 
Unternehmern und Arbeitnehmern; denn die Zeiten des 
Klassenkampfes sind vorbei, auch wenn DIE LINKE diesen 
Irrsinn wieder herrufen möchte.",0.02217555,NON_HATE
23,047461152_20_2019-24_pdf_025_047461152_20_2019-24_pdf_025_0101,"Dabei werden durch diese Unterbringung von Flüchtlingen 
in einem als Studentenwohnheim geeigneten Gebäude die 
Studenten benachteiligt oder sogar diskriminiert, die verzweifelt 
eine Bleibe suchen.",0.018833296,HATE
24,047461152_20_2019-24_pdf_058_047461152_20_2019-24_pdf_058_0087,"Sehr verehrter Herr Präsident, meine Damen und Herren! 
Mit dem Landesaufnahmegesetz überträgt das Land, was 
die Aufnahme und die Unterbringung von Schutzsuchenden 
angeht, bestimmte Aufgaben den Kommunen, und erstattet 
diesen wiederum die Kosten.

Nun angelangt in der dritten Lesung, hatten wir bereits öfter 
Gelegenheit, über die Novellierung dieses Gesetzes zu",0.4432939,NON_HATE
25,047461152_20_2019-24_pdf_126_047461152_20_2019-24_pdf_126_0026,"Anschließend legte er auch noch mit der Forderung nach 
einer Rückführungsoffensive  übersetzt: jetzt schnell 
viele Menschen abschieben  nach.

Dann spitze ich eben auch einmal zu. Wenn wir etwas in 
diesem Land sicher nicht brauchen, dann sind das kleine 
Paschas der Union, wie etwa Herr Merz, die sich rechtsaußen anbiedern und damit Öl ins Feuer der rechts vergifteten 
Debatte kippen, meine Damen und Herren.",0.39282322,HATE
26,047461152_20_2019-24_pdf_011_047461152_20_2019-24_pdf_011_0056,"Gibt es Überlegungen innerhalb der Landesregierung, die 
Beschäftigung und Integration von Menschen mit Handicap 
dadurch zu fördern, dass sie weitere Auszeichnungen/ 
Preise auf Landesebene auslobt und darüber hinaus solche 
Preisverleihungen auch auf Städte-und Landkreisebene 
anregt?

Antwort Kai Klose, Minister für Soziales und Integration:",0.014467665,NON_HATE
27,047461152_20_2019-24_pdf_140_047461152_20_2019-24_pdf_140_0028,"Das Sozialbudget wirkt mit unserem WIR-Programm in 
der hessenweiten Struktur für Teilhabe und Integration vor 
Ort und stärkt so den gesellschaftlichen Zusammenhalt. 
Das Sozialbudget wirkt an diesen und an vielen anderen 
Stellen, und es wirkt vor allem durch diejenigen, die mit 
ihrer täglichen Arbeit oder ihrem persönlichen Engage",0.2614989,NON_HATE
28,047461152_20_2019-24_pdf_007_047461152_20_2019-24_pdf_007_0037,"Gerade der Bereich Rückführungen ist auch für die Behörden 
politisch höchst brisant. Auch aus diesem Grunde wird 
größtmögliche Vorsicht an den Tag gelegt, was diese Maß",0.29757935,NON_HATE
29,047461152_20_2019-24_pdf_096_047461152_20_2019-24_pdf_096_0002,"19. 
Große AnfrageVolker Richter (AfD), Claudia Papst-Dippel 
(AfD), Arno Enners (AfD), Klaus Herrmann 
(AfD), Dirk Gaw (AfD), Karl Hermann 
Bolldorf (AfD)
Folgefragen  Antwort auf die Kleine Anfrage 
Positiv auf SARS-CoV-2 getesteteBewohner der Hessischen Erstaufnahmeeinrichtung 
(HEAE) in Neustadt/Hessen  
Teil I und Teil II; Drucks. 20/4145 und 
20/4146 Drucks. 20/6117 
zu Drucks. 20/5282 ...........7758

Antwort dem Sozial-und Integrationspolitischen 
Ausschuss zur weiteren Beratung überwiesen..................................................................7758

20. 
Große AnfrageDimitri Schulz (AfD), Volker Richter 
(AfD), Arno Enners (AfD), Klaus Herrmann 
(AfD), Dirk Gaw (AfD)
Der Frankfurter Weg, die BtM-Kriminalität 
und die Sozialarbeit in Hessen 
 Drucks. 20/6138 
zu Drucks. 20/3501 ...........7758",0.17966369,NON_HATE
30,047461152_20_2019-24_pdf_126_047461152_20_2019-24_pdf_126_0026,"(Dr. Stefan Naas (Freie Demokraten): Ja, die schweigen 
da!)

Mich würde interessieren: War die Forderung nach einer 
solchen Rückführungsoffensive abgesprochen? Teilen Sie 
diese Auffassung? Kommen denn die Hilferufe aus den 
Landkreisen bei Ihnen an?  Schweigen im grünen Walde. 
Wir als LINKE werden uns dieser Stimmungsmache gegen 
Geflüchtete und Migranten immer entgegenstellen, egal ob 
sie von ganz rechts außen oder von der Regierungsbank 
kommt.",0.3112931,NON_HATE
31,047461152_20_2019-24_pdf_114_047461152_20_2019-24_pdf_114_0116,"AntragLisa Gnadl (SPD), Ulrike Alex (SPD), Nadine Gersberg(SPD), Dr. Daniela Sommer (SPD), Turgut Yüksel 
(SPD), Fraktion der SPDBedarfsgerechte Finanzierung des Landeswohlfahrtsverbandes 
sicherstellen, der Landesverantwortung gerecht 
werden, Kommunen nicht weiter belasten 
 Drucks. 20/7303 

an den Sozial- und Integrationspolitischen Ausschuss überweisen 
möchte.  Wir sehen keinen Widerspruch, und ich 
hoffe, dass ich auch bei Ihnen keinen Widerspruch sehe.

 Dann überweisen wir den Antrag an den Sozial-und 
Integrationspolitischen Ausschuss. 
Dann darf ich darüber hinaus noch einmal bitten, dass wir 
zu einer Abstimmung eine Erklärung zur Kenntnis nehmen 
und diese damit auch gleich zu Protokoll geben.  Herr 
Kollege, Sie haben das Wort.",0.014617063,NON_HATE
32,047461152_20_2019-24_pdf_081_047461152_20_2019-24_pdf_081_0004,"20. 
Große AnfrageDr. Daniela Sommer (SPD), Lisa Gnadl 
(SPD), Frank-Tilo Becher (SPD), Ulrike 
Alex (SPD), Wolfgang Decker (SPD), Nadine 
Gersberg (SPD), Turgut Yüksel 
(SPD), Fraktion der SPDKinderrechte in Hessen 
 Drucks. 20/4427 
zu Drucks. 20/3469 ...........6566 
Von der Tagesordnung abgesetzt.........................6566

21. 
Große AnfrageFraktion der AfD 
Fiskalische Lasten der Zuwanderung Drucks. 20/4448 
zu Drucks. 20/2962 ...........6566 
Von der Tagesordnung abgesetzt.........................6566

22. 
Große AnfrageVolker Richter (AfD), Dimitri Schulz 
(AfD), Claudia Papst-Dippel (AfD), Arno 
Enners (AfD), Fraktion der AfDMuezzin-Rufe in Hessen 
 Drucks. 20/5128 
zu Drucks. 20/3809 ...........6566 
Von der Tagesordnung abgesetzt.........................6566",0.1598785,NON_HATE
33,047461152_20_2019-24_pdf_145_047461152_20_2019-24_pdf_145_0039,"Antwort Peter Beuth, Minister des Innern und für 
Sport:

Die am 28. Januar 2020 veröffentlichte Förderrichtlinie 
Elektronische Ausländerakte gewährt Zuwendungen 
nach §§ 23 und 44 LHO im Rahmen einer Festbetragsfinanzierung.

Zu obigem Zeitpunkt hatten acht Ausländerbehörden bereits 
mehrere Jahre zuvor weitestgehend die elektronische 
Ausländerakte im Rahmen eigener Organisationsentscheidungen 
eingeführt. Eine mögliche finanzielle Zuwendung 
durch das Land Hessen war bei den jeweiligen Beauftragungen 
nicht absehbar.",0.021480938,NON_HATE
34,047461152_20_2019-24_pdf_084_047461152_20_2019-24_pdf_084_0068,"Nein, wir haben genug von dem Zeug gehört.  Aber das 
ist nichts Neues bei Ihnen: Wer von todbringender Messermigration, 
alimentierten Messermännern, Kopftuchmädchen 
und sonstigen Taugenichtsen spricht, Migranten 
als Parasiten und Gesindel bezeichnet, Türkei",0.27252793,HATE
35,047461152_20_2019-24_pdf_111_047461152_20_2019-24_pdf_111_0015,"Herr Präsident, meine Damen und Herren und im Speziellen 
die Damen und Herren der AfD! Herr Lambrou, jetzt 
hat man es Ihnen, glaube ich, viermal sachlich erklärt, wie 
die Situation ist und wie sich die Situation darstellt. Immer 
noch rufen Sie rein: Das befördert illegale Migration.

(Robert Lambrou (AfD): Ich habe es Ihnen auch 
erklärt in meiner Rede!)",0.0142995855,HATE
36,047461152_20_2019-24_pdf_131_047461152_20_2019-24_pdf_131_0091,"Auch wenn es eine Frage der Haushaltspolitik ist, will ich 
es hier noch einmal erwähnen: Hessen müsste das Geld, 
das durch die Inflationseffekte kräftig in die öffentlichen 
Kassen sprudelt, seinen Bürgern eigentlich zurückgeben 
und dürfte es nicht für zusätzliche Migration verpulvern.",0.21266924,HATE
37,047461152_20_2019-24_pdf_015_047461152_20_2019-24_pdf_015_0039,"Mir liegen keine weiteren Wortmeldungen vor.

Damit wird der Gesetzentwurf nach der ersten Lesung zur 
weiteren Beratung an den Sozial-und Integrationspolitischen 
Ausschuss überwiesen.",0.5117715,NON_HATE
38,047461152_20_2019-24_pdf_058_047461152_20_2019-24_pdf_058_0015,"Herzlichen Dank, Herr Minister.  Damit sind wir am Ende 
der Debatte zu den Tagesordnungspunkten 75 und 93.

Gehen beide Anträge an den Ausschuss?  Beide Anträge 
werden zur weiteren Beratung an den Sozial- und Integrationspolitischen 
Ausschuss überwiesen.",0.26007593,NON_HATE
39,047461152_20_2019-24_pdf_045_047461152_20_2019-24_pdf_045_0069,"Die Gebietskörperschaften müssen die finanziellen und organisatorischen 
Konsequenzen mit dem Land als Auftraggeber 
gut ausverhandeln. Mehr war auch nicht drin, wie es 
von der kommunalen Ebene zu hören ist. So entsteht Zustimmung 
zu einem Verhandlungsergebnis. Das ist erst einmal 
okay.

Meine Damen und Herren, damit ist aber noch lange nicht 
entschieden, ob die Landesregierung die selbst auferlegte 
Messlatte für eine humane Flüchtlings-und Asylpolitik 
reißt oder nicht. Dazu haben wir dann doch noch einmal 
Gesprächs- und Erklärungsbedarf, den ich an drei Beispielen 
verdeutlichen möchte.",0.012622881,NON_HATE
40,047461152_20_2019-24_pdf_099_047461152_20_2019-24_pdf_099_0025,"Sie haben einige Dinge angesprochen, die ich ausdrücklich 
unterstreiche und verstärke. Ja, wir brauchen Verfahrensvereinfachungen 
bei den ausländerrechtlichen Registrierungen. 
Auch wenn es darum geht, Leistungen zu gewähren, 
könnten wir uns überlegen, ob es nicht sinnvoller 
ist, z. B. Anträge auf die Beschaffung von Möbeln und 
von Bekleidung in Fällen von Schwangerschaft und Geburt 
pauschal und ohne weitere Prüfung zu genehmigen.

Wenn ich daran denke, wie kompliziert die Abrechnungsverfahren 
für die Kommunen sind, wenn sie Unterkünfte 
anmieten: Wir haben gerade dieser Tage den Bericht des 
Rechnungshofs bekommen, in dem gesagt wird, zum Teil 
wurde für Flüchtlingsunterkünfte zu viel bezahlt.  Wie 
sollen wir das in der Not anders machen, wenn wir ein 
kompliziertes Vergaberecht haben? Hier geht es darum, 
dass die Menschen ein Dach über dem Kopf haben, schlafen 
können, ordentlich versorgt werden. Da brauchen wir 
keine kleinlichen, bürokratischen Verfahren. Wir erwarten, 
dass alle Behörden ordentlich zusammenarbeiten  zum 
Wohle der Menschen  und dass man das hinterher nicht 
kleinkariert kritisiert. Ich will das hier deutlich sagen. An 
der Stelle hört mein Verständ",0.014320357,NON_HATE
41,047461152_20_2019-24_pdf_096_047461152_20_2019-24_pdf_096_0001,"11. 
Große AnfrageVolker Richter (AfD), Arno Enners (AfD),
Klaus Herrmann (AfD), Dimitri Schulz 
(AfD), Fraktion der AfDSozialleistungsbezug durch Personen mit 
ausländischer Staatsangehörigkeit bei fehlendem 
tatsächlichem oder gewöhnlichem 
Aufenthalt 
 Drucks. 20/5203 
zu Drucks. 20/4199 ...........7758 
Antwort dem Sozial-und Integrationspolitischen 
Ausschuss zur weiteren Beratung überwiesen...................................................................7758

12. 
Große AnfrageVolker Richter (AfD), Claudia Papst-Dippel 
(AfD), Arno Enners (AfD), Klaus Gagel(AfD), Dr. Frank Grobe (AfD)
Etwaige Umsetzung des § 20 Abs. 6 IfSG inHessen und der BRD 
 Drucks. 20/5216 
zu Drucks. 20/5087 ...........7758 
Antwort dem Sozial-und Integrationspolitischen 
Ausschuss zur weiteren Beratung überwiesen...................................................................7758

14. 
Große AnfrageVolker Richter (AfD), Arno Enners (AfD),
Claudia Papst-Dippel (AfD), Klaus Herrmann 
(AfD), Dirk Gaw (AfD), Bernd-ErichVohl (AfD), Erich Heidkamp (AfD), RobertLambrou (AfD)
Razzien und neuerliche Vorkommnisse in 
Bezug auf die AWO e. V.
 Drucks. 20/5473 
zu Drucks. 20/4358 ...........7758 
Ant",0.2813462,NON_HATE
42,047461152_20_2019-24_pdf_062_047461152_20_2019-24_pdf_062_0005,"Im Präsidium: 
Präsident Boris Rhein 
Vizepräsident Frank Lortz 
Vizepräsidentin Karin Müller 
Vizepräsidentin Heike Hofmann 
Vizepräsident Dr. h.c. Jörg-Uwe Hahn 
Vizepräsident Dr. Ulrich Wilken

Auf der Regierungsbank: 
Ministerpräsident Volker Bouffier 
Minister für Wirtschaft, Energie, Verkehr und Wohnen Tarek Al-Wazir 
Minister und Chef der Staatskanzlei Axel Wintermeyer 
Ministerin für Digitale Strategie und Entwicklung Prof. Dr. Kristina Sinemus 
Minister des Innern und für Sport Peter Beuth 
Minister der Finanzen Michael Boddenberg 
Ministerin der Justiz Eva Kühne-Hörmann 
Kultusminister Prof. Dr. R. Alexander Lorz 
Ministerin für Wissenschaft und Kunst Angela Dorn 
Ministerin für Umwelt, Klimaschutz, Landwirtschaft und Verbraucherschutz Priska Hinz 
Minister für Soziales und Integration Kai Klose 
Staatssekretär Michael Bußer

Abwesende Abgeordnete: 
Lena Arnoldt 
Karl Hermann Bolldorf 
Karin Hartmann 
Bijan Kaffenberger 
Kaya Kinkel 
Heinz Lotz 
Lucia Puttrich 
Joachim Veyhelmann 
Sabine Waschke",0.22046262,NON_HATE
43,047461152_20_2019-24_pdf_016_047461152_20_2019-24_pdf_016_0077,"Im letzten Jahr sind allein über das Mittelmeer 138.000 
Menschen nach Europa gekommen  eine lebensgefährliche 
Route, die im vergangenen Jahr 2.200 Menschen das 
Leben kostete. Dieses Sterben muss ein Ende finden. Die 
Frage ist natürlich: Wie?  Die Antwort lautet: durch die 
Fortführung der Seenotrettung, durch die nachhaltige Bekämpfung 
der Fluchtursachen. Kein Kapitän darf in einem 
unsicheren Schiff oder Boot mit Passagieren in See stechen. 
Europa muss politisch Verfolgte und Bürgerkriegs-
flüchtende aufnehmen, ohne dass Menschen ihr Leben auf 
dem Mittelmeer riskieren müssen. Wir brauchen eine europaweit 
abgestimmte Migrationspolitik, und wir brauchen 
ein Einwanderungsgesetz, mit dem wir die Einreise ausgewählter 
Menschen legal ermöglichen. Wir brauchen dieses 
Einwanderungsgesetz, damit alle Menschen wissen, dass 
sie ohne ein Niederlassungsrecht nicht in Europa bleiben 
können und jeder Einreiseversuch letztlich erfolglos bleiben 
wird.",0.018036373,NON_HATE
44,047461152_20_2019-24_pdf_036_047461152_20_2019-24_pdf_036_0023,"Auch in diesen Zeiten dürfen wir die Welt um uns herum 
nicht vergessen. In den Flüchtlingslagern an den EU-Au",0.7057788,NON_HATE
45,047461152_20_2019-24_pdf_123_047461152_20_2019-24_pdf_123_0030,"(Beifall BÜNDNIS 90/DIE GRÜNEN und CDU  
Zurufe SPD und DIE LINKE)

Ich fange in dieser Debatte über Einbürgerung gerne mit 
einer guten Nachricht an; denn, wenn wir uns die Debatten 
über Einbürgerung, über Staatsbürgerschaft, über Integration 
in Deutschland anschauen, dann stellen wir fest, dass 
wir leider eine lange Geschichte von misslungenen Debatten 
über Einbürgerung und Integration haben.

Wir erinnern uns daran, was für eine Debatte wir führen 
mussten, bis der damalige Bundespräsident Christian Wulff 
eine simple Selbstverständlichkeit aussprechen konnte, 
nämlich, dass der Islam zu Deutschland gehört, weil die 
Menschen muslimischen Glaubens zu Deutschland gehören. 
Was gab es in Deutschland über diese Selbstverständlichkeit 
für merkwürdige und komische Debatten.",0.05857771,NON_HATE
46,047461152_20_2019-24_pdf_135_047461152_20_2019-24_pdf_135_0024,"Im Zusammenspiel mit den GRÜNEN hat Nancy Faeser 
den Deutschen jahrelang weisgemacht, es sei inhuman, 
die Zahl der sogenannten sicheren Herkunftsländer zu erhöhen. 
Dabei ist dieses Konstrukt der nicht sicheren Herkunftsländer 
gemäß Art. 16a Abs. 3 Grundgesetz nichts 
weiter als ein Mittel, um längst überfällige Abschiebungen 
auszusetzen.",0.15418497,NON_HATE
47,047461152_20_2019-24_pdf_015_047461152_20_2019-24_pdf_015_0003,"55. 
Beschlussempfehlung und Bericht 
Sozial-und Integrationspolitischer Ausschuss 
Antrag 
Dr. Daniela Sommer (SPD), Lisa Gnadl 
(SPD), Ulrike Alex (SPD), Frank-Tilo Becher 
(SPD), Wolfgang Decker (SPD), Fraktion 
der SPD 
Einführung einer Impfpflicht gegen Masern 
 Drucks. 20/718 
zu Drucks. 20/621 ...............1085 
Beschlussempfehlung angenommen....................1085

56. 
Beschlussempfehlung und Bericht 
Sozial-und Integrationspolitischer Ausschuss 
Dringlicher Antrag 
Fraktion der Freien Demokraten 
Masern und weitere lebensbedrohlichen 
Infektionskrankheiten ausrotten 
 Drucks. 20/719 
zu Drucks. 20/667 ...............1085 
Beschlussempfehlung angenommen....................1085

57. 
Beschlussempfehlung und Bericht 
Sozial-und Integrationspolitischer Ausschuss 
Dringlicher EntschließungsantragFraktion der CDU, Fraktion BÜNDNIS 90/
DIE GRÜNEN 
Information und Aufklärung im Kampf gegen 
Masern 
 Drucks. 20/720 
zu Drucks. 20/672 ...............1085 
Beschlussempfehlung angenommen....................1085",0.24632277,NON_HATE
48,047461152_20_2019-24_pdf_099_047461152_20_2019-24_pdf_099_0011,"Weshalb hat der Minister für Soziales und Integration innerhalb 
der Beantwortung der Kleinen Anfrage der Fraktion 
der AfD mit dem Titel Umsetzungsstand der erlasswei",0.25714517,NON_HATE
49,047461152_20_2019-24_pdf_061_047461152_20_2019-24_pdf_061_0109,"Wissenschaft und Kunst müssen frei bleiben.

Meine Damen und Herren, beginnen wir mit den Landesmitteln 
in Höhe von über 4,5 Millionen  für die vier Studienkollegs, 
welche vollständig zu streichen sind; denn die 
Kosten für die Sprach- oder Fachkurse, die zur Aufnahme 
eines Studiums an einer hessischen Universität benötigt 
werden, sollten von den Bewerbern mit ausländischer 
Hochschulzugangsberechtigung selbst getragen werden.",0.37853196,HATE
50,047461152_20_2019-24_pdf_023_047461152_20_2019-24_pdf_023_0009,"Hessischer Landtag · 20. Wahlperiode · 23. Sitzung · 29. Oktober 2019 
1701

penförderung in Deutsch & PC systematisch sprachlich gefördert 
werden. Unter anderem für die Vorlaufkurse und 
für die Deutschförderkurse wurden die Stellenkontingente 
der Staatlichen Schulämter seit der Umsetzung des Schulischen 
Integrationsplans im Februar 2017 um insgesamt 
über 330 auf nun 1.244 Lehrerstellen erhöht. Die Zuweisung 
von Intensivklassen erfolgt bedarfsgerecht darüber 
hinaus.

Umfangreiche Fortbildungs- und Qualifizierungsmaßnahmen 
für Lehrkräfte, beispielsweise das Fortbildungsprogramm 
Deutsch für den Schulstart der Universität Heidelberg 
oder die Sprachförderprofis des Deutsch als 
Zweitsprache-Lehrstuhls der Goethe-Universität Frankfurt 
am Main, erfolgen bei der frühen Sprachförderung in 
Kooperation mit dem Hessischen Kultusministerium, der 
Stiftung Polytechnische Gesellschaft und der Stadt Frankfurt 
am Main.",0.16170736,NON_HATE
51,047461152_20_2019-24_pdf_026_047461152_20_2019-24_pdf_026_0001,"27. 
Antrag 
Fraktion DIE LINKE 
Berufseinstiegsbegleitung (BerEB) in Hessen 
 Drucks. 20/757 ...............................................1943 
Dem Sozial- und Integrationspolitischen Ausschuss 
zur abschließenden Beratung überwiesen........................................................................1943

29. 
Dringlicher Antrag 
Fraktion der Freien Demokraten 
Sicherung und Weiterentwicklung der Berufseinstiegsbegleitung 
 Drucks. 20/833 ...............................................1943 
Dem Sozial- und Integrationspolitischen Ausschuss 
zur abschließenden Beratung überwiesen........................................................................1943

32. 
Antrag 
Fraktion der SPD 
Praxiseinführung von Drohnen im Steillagenweinbau 
fördern 
 Drucks. 20/1155 .............................................1943 
Dem Ausschuss für Umwelt, Klimaschutz, 
Landwirtschaft und Verbraucherschutz zur abschließenden 
Beratung überwiesen......................1943",0.25720322,NON_HATE
52,047461152_20_2019-24_pdf_055_047461152_20_2019-24_pdf_055_0085,"Herr Präsident, meine Damen und Herren! Bericht aus dem 
Sozial-und Integrationspolitischen Ausschuss zum genannten 
Gesetzentwurf. Der Ausschuss empfiehlt dem Plenum, 
den Gesetzentwurf in zweiter Lesung anzunehmen, 
mit den Stimmen von CDU und GRÜNEN gegen SPD, 
AfD, Freie Demokraten und DIE LINKE.",0.18177584,NON_HATE
53,047461152_20_2019-24_pdf_029_047461152_20_2019-24_pdf_029_0002,"Stefan Müller (Heidenrod).................................. 
2305 
Jürgen Frömmrich..................................... 
2305, 2308 
Hermann Schaus........................................2306, 2311 
Minister Peter Beuth........................................... 
2307 
Dr. Frank Grobe........................................ 
2308, 2313 
Klaus Gagel..........................................................2311 
Jürgen Lenders.................................................... 
2312 
Holger Bellino..................................................... 
2312

55. 
AntragFraktion der CDU, Fraktion BÜNDNIS 90/
DIE GRÜNEN 
Freiwilliges Engagement unterstützen  
Freiwilligendienste stärken 
 Drucks. 20/1640 ............................................2314 
Dem Sozial- und Integrationspolitischen Ausschuss 
überwiesen...............................................2320

Max Schad........................................................... 
2314 
Volker Richter..................................................... 
2315",0.5670394,NON_HATE
54,047461152_20_2019-24_pdf_021_047461152_20_2019-24_pdf_021_0003,"Günter Rudolph................................................... 
1594

66. 
Beschlussempfehlung und Bericht 
Innenausschuss 
Dringlicher AntragFraktion der CDU, Fraktion BÜNDNIS 90/
DIE GRÜNEN 
Landesaufnahmeprogramm für Flüchtlinge 
in Not 
 Drucks. 20/1208 
zu Drucks. 20/852 .............1594 
Beschlussempfehlung angenommen....................1594

Jürgen Lenders.................................................... 
1594",0.22251035,NON_HATE
55,047461152_20_2019-24_pdf_027_047461152_20_2019-24_pdf_027_0045,"Hessischer Landtag · 20. Wahlperiode · 27. Sitzung · 11. Dezember 2019 
2053

Über die Größe kann jede Kommune nach den jeweiligen 
Erfordernissen vor Ort selbst entscheiden. Die ausländischen 
Mitglieder, also diese sachkundigen Einwohner, sollen 
auf Vorschlag der Interessenvertretung der Migrantinnen 
und Migranten  also Vereine, Verbände und sonstigen 
Einrichtungen  von der Gemeindevertretung gewählt und 
somit durch indirekte Wahl legitimiert werden, wie es in 
der Politik durchaus üblich ist. Auch der Ministerpräsident 
oder die Bundeskanzlerin werden durch eine indirekte 
Wahl legitimiert, das ist nichts Schädliches in einer Demokratie.",0.017355502,NON_HATE
56,047461152_20_2019-24_pdf_119_047461152_20_2019-24_pdf_119_0102,"Wenn man überlegt, dass diese Petition, die immerhin von

18.000 Menschen unterschrieben wurde, bereits vor über 
einem Jahr eingereicht wurde  die Petition, die die Rückführung 
des UKGM in Landeseigentum fordert , kann 
man sich schon die Frage stellen, was eigentlich ein Jahr 
lang mit dieser Petition passiert ist. 
Ich will gar nicht verhehlen, dass man zu den Inhalten 
dieser Petition stehen kann, wie man möchte; und es ist 
auch kein Geheimnis, dass wir Freie Demokraten das so sicherlich 
nicht teilen. Dennoch muss in diesem Hause doch 
eigentlich klar sein, dass es nicht sein kann, dass die Petentinnen 
und Petenten über ein Jahr lang warten müssen  
nur um dann zu hören, dass eine Rückführung des UKGM 
ins Landeseigentum nicht der Rechtslage entspreche und 
der Sachlage nicht angemessen sei. Das ist schon ein starkes 
Stück und zeigt nach unserer Einschätzung fehlenden 
Respekt vor den Bürgerinnen und Bürgern.",0.018013759,NON_HATE
57,047461152_20_2019-24_pdf_102_047461152_20_2019-24_pdf_102_0051,"Antwort Kai Klose, Minister für Soziales und Integration:

Die Durchführung des Asylverfahrens obliegt grundsätzlich 
dem Bundesamt für Migration und Flüchtlinge 
(BAMF).

Das BAMF unterhält in Hessen an den Erstaufnahmestandorten 
Gießen, Büdingen und Neustadt Außenstellen.",0.2866106,NON_HATE
58,047461152_20_2019-24_pdf_004_047461152_20_2019-24_pdf_004_0025,"Denn die Rente ist kein Almosen. Das muss man hier einfach 
einmal betonen.

So sieht die AfD die soziale Gerechtigkeit und die Solidarität 
in einer Gesellschaft. Sie dagegen sind eine treibende 
Kraft der merkelschen Politik, die zu unser aller Schaden 
ungezählte Milliarden Euro Steuergeld in die sogenannte 
Euro-Rettung, die Energiewende und die Asylindustrie abfließen 
lässt.",0.3680851,NON_HATE
59,047461152_20_2019-24_pdf_092_047461152_20_2019-24_pdf_092_0039,"Das will ich Ihnen gerne am Praxistest deutlich machen; 
denn wir Sozialdemokraten haben schon vor zweieinhalb 
Jahren einen Entwurf für ein eigenes Lehrkräftebildungsmodernisierungsgesetz 
vorgelegt; so hatten wir es genannt. 
Daran kann man relativ gut ablesen, welche Maßstäbe Ihr 
Gesetzentwurf eben nicht erfüllt.

Da ist zum einen die Studiendauer. Wir sind daccord, dass 
es heutzutage andere Herausforderungen an Schule gibt: 
Integration, Inklusion, Unterrichten im Ganztag, überhaupt 
der Umgang mit einem veränderten Erziehungsverständnis 
zu Hause, mit Bildung für nachhaltige Entwicklung, vor allem 
Demokratiebildung, gerade in diesen Tagen sehr wichtig, 
und vieles mehr. Einiges davon findet sich jetzt sogar 
tatsächlich auch in Ihrem Gesetzentwurf wieder. Bloß, wie 
soll denn all das umsetzbar sein in einer Regelstudienzeit 

 Entschuldigen Sie, dass ich da lachen muss, aber es ist 
eigentlich ein Witz, dass diese nicht erhöht wird. Sie ist 
nach wie vor bundesweit Schlusslicht, mit Bayern zusammen. 
Bayern: sieben Semester inklusive Prüfungssemester, 
wie Hessen; Berlin: zehn Semester; Brandenburg: zehn Semester; 
Bremen: zehn Semester; Meck-Pomm: neun Semester; 
Nieder",0.027024494,NON_HATE
60,047461152_20_2019-24_pdf_091_047461152_20_2019-24_pdf_091_0017,"Ich schließe meinen Beitrag mit dem folgenden Ratschlag 
an die Kollegen von der AfD. Wenn Sie alle Geflüchteten 
und jede Form der Migration ablehnen, so verzichten Sie 
doch bitte auch auf die Leistungen der Menschen in den 
Bereichen, in denen wir auf Zuwanderung angewiesen 
sind: in der Pflege, in den Krankenhäusern, in der Gastronomie, 
im Handwerk, in der IT-Branche, in der Wissenschaft, 
in der Betreuung, im Dienstleistungsgewerbe, in der 
Produktion usw. Oder: Denken Sie um, pauschalisieren Sie 
nicht. Das Grundgesetz gebietet das den Demokraten in 
diesem Land. Die Würde des Menschen ist unantastbar  
das leitet uns.

(Beifall Freie Demokraten, vereinzelt SPD und DIE 
LINKE)",0.01318192,NON_HATE
61,047461152_20_2019-24_pdf_015_047461152_20_2019-24_pdf_015_0003,"56. 
Beschlussempfehlung und Bericht 
Sozial-und Integrationspolitischer Ausschuss 
Dringlicher Antrag 
Fraktion der Freien Demokraten 
Masern und weitere lebensbedrohlichen 
Infektionskrankheiten ausrotten 
 Drucks. 20/719 
zu Drucks. 20/667 ...............1085 
Beschlussempfehlung angenommen....................1085

57. 
Beschlussempfehlung und Bericht 
Sozial-und Integrationspolitischer Ausschuss 
Dringlicher EntschließungsantragFraktion der CDU, Fraktion BÜNDNIS 90/
DIE GRÜNEN 
Information und Aufklärung im Kampf gegen 
Masern 
 Drucks. 20/720 
zu Drucks. 20/672 ...............1085 
Beschlussempfehlung angenommen....................1085",0.2974767,NON_HATE
62,047461152_20_2019-24_pdf_116_047461152_20_2019-24_pdf_116_0057,"setzen Sie sich an die Spitze einer Bewegung, gerade 
in diesen Zeiten, in denen die Bürger Hessens überlegen 
müssen, wie sie mit Inflation und Gasknappheit überleben 
können, in diesen Zeiten, in denen das Land erneut mit 
Migranten geflutet wird,",0.52786624,HATE
63,047461152_20_2019-24_pdf_039_047461152_20_2019-24_pdf_039_0026,"In der durch die Pandemie ausgelösten Krise rächt sich 
nun, dass die EU in der Sozialpolitik bisher keine weiter 
gehenden Mechanismen entwickelt hat. Die Krise offenbart 
in aller Deutlichkeit die gravierenden Mängel des bisherigen 
Integrationsprozesses der EU und die verheerenden 
Folgen der Austeritätspolitik, die vielen Mitgliedstaaten 
im Nachgang der Finanz-und Wirtschaftskrise von 
2009 aufgezwungen wurde. Dazu gehören die neoliberalen 
Kürzungs-und Privatisierungsauflagen, die Ländern wie 
Griechenland, Spanien und Italien abverlangt wurden.

Zwischen 2011 und 2018 hat die EU-Kommission allein 
im Gesundheitsbereich  Sie lachen  Mitgliedstaaten 63mal 
aufgefordert, die Ausgaben zu kürzen bzw. Teile des 
Gesundheitssystems zu privatisieren. Diese Politik hat mit 
dazu geführt, dass die Gesundheitssysteme nur nach ökonomischen 
Kriterien statt nach Bedarf strukturiert wurden. 
Der neoliberale Umbau der Gesundheits- und anderer Ver",0.020599116,NON_HATE
64,047461152_20_2019-24_pdf_022_047461152_20_2019-24_pdf_022_0003,"53. 
Antrag 
Stephan Grüger (SPD), Tobias Eckert 
(SPD), Elke Barth (SPD), Knut John 
(SPD), Marius Weiß (SPD), Fraktion der 
SPD 
Der Solardeckel muss weg 
 Drucks. 20/1226 ............................................1688 
Dem Ausschuss für Wirtschaft, Energie, Verkehr 
und Wohnen zur abschließenden Beratung 
überwiesen...................................................1688

22. 
Antrag 
Fraktion DIE LINKE 
Unabhängige Flüchtlingsberatung ausbauen, 
statt Menschen mit Rückkehrberatung 
zur Ausreise zu drängen 
 Drucks. 20/499 ..............................................1688 
Dem Innenausschuss zur abschließenden Beratung 
überwiesen...............................................1688

Hermann Schaus................................................. 
1688",0.2096549,NON_HATE
65,047461152_20_2019-24_pdf_100_047461152_20_2019-24_pdf_100_0030,"Niemals hat es in der Geschichte dieses Landes größere 
Anstrengungen in diesem Bereich gegeben als unter dieser 
schwarz-grünen Landesregierung, und das  meine Damen 
und Herren, das will ich jetzt auch nicht unerwähnt lassen 
 trotz Flüchtlingskrise, trotz Pandemie und trotz des 
furchtbaren Krieges in unserer Nachbarschaft.",0.4230034,NON_HATE
66,047461152_20_2019-24_pdf_033_047461152_20_2019-24_pdf_033_0059,"Antwort Kai Klose, Minister für Soziales und Integration:

Dem Hessischen Ministerium für Soziales und Integration 
sind keine Fälle in Hessen bekannt, bei denen zum Vollzug 
der länderübergreifenden Verteilung von unbegleiteten

minderjährigen Ausländerinnen und Ausländern unmittelbarer 
Zwang angedroht oder angewandt wurde.",0.014778636,NON_HATE
67,047461152_20_2019-24_pdf_090_047461152_20_2019-24_pdf_090_0083,"Meine Damen und Herren, diesen Gesetzentwurf der Landesregierung 
für ein Drittes Gesetz zur Änderung des Hessischen 
Ausführungsgesetzes zum Schwangerschaftskonfliktgesetz 
überweisen wir zur Vorbereitung der dritten Lesung 
an den Sozial- und Integrationspolitischen Ausschuss, 
zusammen mit dem Änderungsantrag der Fraktion DIE 
LINKE, Drucks. 20/6904, mit dem Änderungsantrag der 
Fraktion der SPD, Drucks. 20/6906, mit dem Änderungs",0.86624575,NON_HATE
68,047461152_20_2019-24_pdf_026_047461152_20_2019-24_pdf_026_0001,"Präsident Boris Rhein.......................................... 
1943

27. 
Antrag 
Fraktion DIE LINKE 
Berufseinstiegsbegleitung (BerEB) in Hessen 
 Drucks. 20/757 ...............................................1943 
Dem Sozial- und Integrationspolitischen Ausschuss 
zur abschließenden Beratung überwiesen........................................................................1943

29. 
Dringlicher Antrag 
Fraktion der Freien Demokraten 
Sicherung und Weiterentwicklung der Berufseinstiegsbegleitung 
 Drucks. 20/833 ...............................................1943 
Dem Sozial- und Integrationspolitischen Ausschuss 
zur abschließenden Beratung überwiesen........................................................................1943",0.37469733,NON_HATE
69,047461152_20_2019-24_pdf_135_047461152_20_2019-24_pdf_135_0024,"Nein, Hessen hat kein Problem mit Flüchtlingen aus Moldawien 
und Georgien, sondern mit solchen aus ganz anderen 
Ländern.",0.24686477,HATE
70,047461152_20_2019-24_pdf_061_047461152_20_2019-24_pdf_061_0011,"Ein wirklich valides Argument, wo weniger Datenschutz 
bei der Corona-Warn-App helfen würde, konnte bisher 
noch niemand vorbringen. Dabei sind es gerade die Punkte 
Freiwilligkeit und Datenschutz, die dafür sorgen, dass wir 
im Ländervergleich eine sehr hohe Installationszahl dieser 
Corona-Warn-App haben.

Es ist natürlich auch so  das gebe ich zu : Es gibt Möglichkeiten, 
die App zu verbessern. Zwei Beispiele sind die 
Integration einer automatischen Clustererkennung und das 
Führen eines Kontaktdatenbuchs. Man hat es erkannt, und 
man will sie verbessern. Aber ich hoffe sehr, dass wir die 
heilige Kuh Datenschutz, wie das auch genannt wird, dafür 
nicht schlachten müssen.

Bevor ich zum Ende komme, noch ein Kommentar zu Frau 
Gersberg. Wir sitzen im selben Ausschuss. Es gibt nur einen 
Ausschuss für Digitales und Datenschutz. Ich kann 
mich nicht erinnern, dass Sie da in jeder Sitzung gefragt 
hätten, wann der Datenschutzbeauftragte neu gewählt wird. 
Das möchte ich hier richtigstellen.",0.013922691,NON_HATE
71,047461152_20_2019-24_pdf_011_047461152_20_2019-24_pdf_011_0003,"Hessischer Landtag · 20. Wahlperiode · 11. Sitzung · 21. Mai 2019

7. 
Erste Lesung 
Gesetzentwurf 
Fraktion DIE LINKE 
Hessisches Gesetz zum Wahlrecht für voll-
betreute Menschen 
 Drucks. 20/622 ................................................741 
Nach erster Lesung dem Innenausschuss, federführend, 
und dem Sozial-und Integrationspolitischen 
Ausschuss, beteiligt, überwiesen..........................................................................746

Lisa Gnadl............................................................. 
741 
Dr. Ulrich Wilken.................................................. 
742 
Yanki Pürsün......................................................... 
743 
Christian Heinz..................................................... 
743 
Eva Goldbach........................................................ 
744 
Walter Wissenbach................................................ 
745 
Minister Peter Beuth............................................. 
746",0.61876553,NON_HATE
72,047461152_20_2019-24_pdf_099_047461152_20_2019-24_pdf_099_0028,"Vieles wird im Moment von einer riesigen spontanen 
Hilfsbereitschaft aufgefangen, von vielen Ehrenamtlichen. 
Die Feuerwehren seien erwähnt, das Technische Hilfswerk, 
das Rote Kreuz, Flüchtlingsinitiativen und viele einzelne 
Bürgerinnen und Bürger. Es gibt ein unfassbar großes zivilgesellschaftliches 
Engagement. Wir wollen diesen Menschen 
zurufen: Danke für das, was ihr leistet, um diesen 
Menschen zu helfen.

(Beifall BÜNDNIS 90/DIE GRÜNEN, vereinzelt 
CDU, SPD und Freie Demokraten)",0.025229884,NON_HATE
73,047461152_20_2019-24_pdf_107_047461152_20_2019-24_pdf_107_0045,"seriös führen zu können; denn erst das ermöglicht uns, zu 
verstehen, wie wir Armut sozialpolitisch begegnen können.

Erstens. Eine dauerhafte Integration in den Arbeitsmarkt 
kann das Armutsrisiko entscheidend verringern. Dafür sind 
gute Löhne, gute Arbeitsbedingungen und eine gerechte 
Besteuerung grundlegend. Wir müssen gleichzeitig weiter 
dafür sorgen, dass Beschäftigte Beruf und Familie gut vereinbaren 
können.",0.011666127,NON_HATE
74,047461152_20_2019-24_pdf_132_047461152_20_2019-24_pdf_132_0022,"und in Kauf nehmen, dass der Rückhalt unserer Gesellschaft 
für die Aufnahme von Flüchtlingen schwindet. 
Deutschland verdient Dank für die enormen Leistungen bei 
der Aufnahme und Versorgung und Integration geflüchteter 
Menschen.",0.0142750265,NON_HATE
75,047461152_20_2019-24_pdf_073_047461152_20_2019-24_pdf_073_0002,"Im Präsidium: 
Präsident Boris Rhein 
Vizepräsidentin Karin Müller 
Vizepräsident Dr. Ulrich Wilken

Auf der Regierungsbank: 
Ministerpräsident Volker Bouffier 
Minister für Wirtschaft, Energie, Verkehr und Wohnen Tarek Al-Wazir 
Minister und Chef der Staatskanzlei Axel Wintermeyer 
Ministerin für Bundes- und Europaangelegenheiten und Bevollmächtigte des Landes 
Hessen beim Bund Lucia Puttrich 
Ministerin für Digitale Strategie und Entwicklung Prof. Dr. Kristina Sinemus 
Minister des Innern und für Sport Peter Beuth 
Minister der Finanzen Michael Boddenberg 
Ministerin der Justiz Eva Kühne-Hörmann 
Kultusminister Prof. Dr. R. Alexander Lorz 
Ministerin für Wissenschaft und Kunst Angela Dorn 
Ministerin für Umwelt, Klimaschutz, Landwirtschaft und Verbraucherschutz Priska Hinz 
Minister für Soziales und Integration Kai Klose 
Staatssekretär Michael Bußer

Abwesende Abgeordnete: 
Frank-Tilo Becher 
Gerald Kummer 
Markus Meysner 
Dimitri Schulz",0.1824926,NON_HATE
76,047461152_20_2019-24_pdf_124_047461152_20_2019-24_pdf_124_0027,"Vielen Dank, Frau Kollegin Böhm.  Möchte der Minister 
darauf replizieren?  Das ist nicht der Fall. Weitere Wortmeldungen 
liegen zu diesem Tagesordnungspunkt nicht 
vor.

Wir haben vereinbart, dass er an den Sozial- und Integrationspolitischen 
Ausschuss überwiesen wird. Widerspricht 
dem jemand?  Das ist nicht der Fall. Damit ist der Gesetzentwurf 
der Fraktion DIE LINKE an den Sozial- und 
Integrationspolitischen Ausschuss überwiesen.",0.20604342,NON_HATE
77,047461152_20_2019-24_pdf_123_047461152_20_2019-24_pdf_123_0045,"(Zuruf Dr. Stefan Naas (Freie Demokraten))

Bei allem Verständnis für den Fachkräftemangel  das ist 
ein unglaublich wichtiges Thema, und das haben wir bei 
dem vorhergehenden Punkt auch gesehen  können wir es 
nicht nachvollziehen, den deutschen Pass an den Beginn 
des Integrationsprozesses zu setzen, wie es in der Bundesregierung 
gerade diskutiert wird.",0.012032589,NON_HATE
78,047461152_20_2019-24_pdf_132_047461152_20_2019-24_pdf_132_0020,"(Beifall SPD, DIE LINKE, vereinzelt CDU und 
BÜNDNIS 90/DIE GRÜNEN  Fortgesetzte Zurufe

 Glockenzeichen) 
Gerade bei dem Thema afghanische schutzbedürftige 
Flüchtlinge, die zu uns kommen sage ich Ihnen ganz deutlich: 
Seit über 40 Jahren leben Menschen in Afghanistan 
in Angst und Schrecken. Krieg, Armut und Hunger beherrschen 
dieses Land und diese Menschen.",0.21778283,NON_HATE
79,047461152_20_2019-24_pdf_069_047461152_20_2019-24_pdf_069_0099,"Ich möchte noch auf einen wesentlichen Punkt eingehen. 
Ich will gar nicht zu den heutigen Entscheidungen kommen. 
Ich denke, dazu ist eine Menge gesagt worden. Ich 
finde es tragisch, dass Sie Erzieherinnen und Lehrkräfte 
weiter in der Situation lassen, dass sie ohne Schutz und ohne 
entsprechende gute Tests ihre Arbeit durchführen müssen. 
Selbst die teilweise Rücknahme von heute wird das 
nicht entschärfen.

Ich möchte noch zu einem Punkt kommen, den ich wichtig 
finde, weil er vorhin in der Diskussion eine große Rolle gespielt 
hat. Ich möchte zum Sozial- und Integrationspolitischen 
Ausschuss kommen. Seit einem Jahr rennen wir Oppositionsfraktionen 
sozusagen hinter dem Minister her und 
wollen Informationen haben zur Pandemie, zum Handeln 
der Landesregierung in der Pandemie, zu den Vorhaben der 
Landesregierung.  Ich sage Ihnen: Es ist wirklich mühselig. 
Frau Faeser, wenn Sie einmal in den Ausschuss kommen, 
werden Sie es feststellen.

Es ist eine wirklich äußerst mühselige Angelegenheit, zu 
Informationen zu kommen. Wir haben dem Minister am 
Anfang der Pandemie vorgeschlagen, regelmäßige Obleutegespräche 
zu führen. Das hat er nicht gemacht. Es gab 
zwei oder drei, aber",0.014422062,NON_HATE
80,047461152_20_2019-24_pdf_066_047461152_20_2019-24_pdf_066_0006,"50. 
Große AnfrageVolker Richter (AfD), Arno Enners (AfD),
Dimitri Schulz (AfD), Heiko Scholz (AfD),
Gerhard Schenk (AfD)
Unterbringung und Betreuung von unbegleiteten 
minderjährigen Ausländern nachdem SGB VIII 
 Drucks. 20/4441 
zu Drucks. 20/3926 ...........5306 
Von der Tagesordnung abgesetzt.........................5306

51. 
Große AnfrageFraktion der AfD 
Fiskalische Lasten der Zuwanderung Drucks. 20/4448 
zu Drucks. 20/2962 ...........5306 
Von der Tagesordnung abgesetzt.........................5306

52. 
AntragTurgut Yüksel (SPD), Christoph Degen(SPD), Karin Hartmann (SPD), Kerstin 
Geis (SPD), Manuela Strube (SPD), Fraktion 
der SPD 
Aufwertung von Herkunftssprachen als 
Fremdsprachen an hessischen Schulen Drucks. 20/4296 ............................................5306 
Von der Tagesordnung abgesetzt.........................5306",0.17325398,NON_HATE
81,047461152_20_2019-24_pdf_031_047461152_20_2019-24_pdf_031_0010,"Anmerken möchte ich an dieser Stelle noch, dass wir vergleichbare 
Maßnahmen parallel zu Personalaufstockungen 
in allen sicherheitsrelevanten Bereichen, insbesondere 
auch im Bereich der Justiz, für notwendig erachten und uns 
entsprechend einsetzen werden. So fordert z. B. der Deutsche 
Richterbund mindestens 2.000 zusätzliche Stellen für 
Richter und Staatsanwälte mit dem Hinweis, dass viele 
Prozesse erst Jahre nach der Tataufdeckung starteten und 
jede Woche mindestens ein Tatverdächtiger wegen zu langer 
Verfahrensdauer aus der U-Haft entlassen werden müsse.

In diesem Bereich besteht auch ein dringend zu lösendes 
Problem, für das wir im Gegensatz zu den Regierungsparteien 
und den sogenannten Oppositionsparteien SPD, FDP 
und LINKE sofort finanzielle Mittel bereitstellen wollen, 
nämlich für die Schaffung weiterer Abschiebehaftplätze, 
die in Anbetracht der hohen Anzahl ausreisepflichtiger, 
aber -unwilliger Ausländer dringend notwendig sind.",0.022548357,HATE
82,047461152_20_2019-24_pdf_078_047461152_20_2019-24_pdf_078_0028,"Austausch mit unserer Partnerregion  kein Argument. Es 
gibt sehr viele gute Gründe, warum Türkisch und auch 
Griechisch in den Fremdsprachenkanon in Hessen aufgenommen 
werden sollten.

Sie können nicht darüber hinwegtäuschen, dass Sie weiterhin 
der größten migrantischen Community in Hessen verwehren, 
ihre Herkunftssprache als Fremdsprache in der 
Schule zu lernen. Schämen Sie sich eigentlich nicht angesichts 
der enormen Lebensleistung unserer Mitbürgerinnen 
und Mitbürger, denen oft Steine in den Weg gelegt wurden, 
als sie hier Fuß fassen wollten; die rassistischen Diskriminierungen 
ausgesetzt sind, ob im Alltag oder in Behörden; 
die als Gastarbeiter zu uns kamen, um den Reichtum dieser 
Gesellschaft, an dem sie viel zu selten teilhaben, zu erwirtschaften?

Wir als LINKE sagen ganz klar: Türkisch und Griechisch 
müssen in das Angebot für die zweite bzw. die dritte 
Fremdsprache aufgenommen werden. Es wäre ein dringend 
notwendiges Zeichen des Respektes gegenüber unseren 
türkisch-und griechischsprachigen Freundinnen und 
Freunden.",0.018524852,NON_HATE
83,047461152_20_2019-24_pdf_046_047461152_20_2019-24_pdf_046_0029,"Es wird aber auch deutlich, dass der Rassismus in unserer 
Gesellschaft nicht nur ein Problem der Extremisten ist, 
sondern mitten unter uns, ja, sogar aus der politischen Mitte 
kommt. Immer wieder wurde und wird gruppenbezogene 
Fremdenfeindlichkeit aufgebaut, um hieraus politisches 
Kapital zu schlagen.

Ich glaube, man muss nicht an Sprüche erinnern wie: Kinder 
statt Inder, Migration ist die Mutter aller Probleme. 
Daran muss man nicht erinnern, das ist alles noch in unseren 
Köpfen.

Wir beklagen uns, dass rassistische, antisemitische, antiziganistische 
und sexistische Aussagen wieder salonfähig 
geworden seien, dass diese jetzt sogar in die Parlamente 
Einzug gehalten hätten. Aber eines kann ich Ihnen sagen, 
meine Damen und Herren: Nicht erst seit der AfD wird 
rassistischen Tendenzen in der Gesellschaft Gehör geschenkt. 
Die erledigen jetzt nur die Drecksarbeit.",0.016620908,NON_HATE
84,047461152_20_2019-24_pdf_119_047461152_20_2019-24_pdf_119_0005,"Im Präsidium: 
Präsidentin Astrid Wallmann 
Vizepräsident Frank Lortz 
Vizepräsidentin Karin Müller 
Vizepräsidentin Heike Hofmann 
Vizepräsident Dr. h.c. Jörg-Uwe Hahn 
Vizepräsident Dr. Ulrich Wilken

Auf der Regierungsbank: 
Ministerpräsident Boris Rhein 
Minister für Wirtschaft, Energie, Verkehr und Wohnen Tarek Al-Wazir 
Minister und Chef der Staatskanzlei Axel Wintermeyer 
Ministerin für Digitale Strategie und Entwicklung Prof. Dr. Kristina Sinemus 
Minister des Innern und für Sport Peter Beuth 
Minister der Finanzen Michael Boddenberg 
Minister der Justiz Prof. Dr. Roman Poseck 
Kultusminister Prof. Dr. R. Alexander Lorz 
Ministerin für Wissenschaft und Kunst Angela Dorn 
Ministerin für Umwelt, Klimaschutz, Landwirtschaft und Verbraucherschutz Priska Hinz 
Minister für Soziales und Integration Kai Klose 
Staatssekretär Tobias Rösmann 
Staatssekretär Uwe Becker 
Staatssekretär Patrick Burghardt 
Staatssekretär Dr. Philipp Peter Nimmermann 
Staatssekretär Jens Deutschendorf 
Staatssekretär Dr. Martin J. Worms 
Staatssekretärin Tanja Eichner 
Staatssekretärin Ayse Asar 
Staatssekretär Oliver Conz 
Staatssekretärin Anne Janz

Abwesende Abgeordnete: 
Karl Hermann Bolldorf 
Taylan",0.23237796,NON_HATE
85,047461152_20_2019-24_pdf_091_047461152_20_2019-24_pdf_091_0018,"Wir haben Lehren aus den Vorgängen des Jahres 2015 gezogen 
und die Bedeutung geordneter Verfahren herausgestellt. 
Nicht nur im Sinne der wirklich Schutzbedürften, 
sondern auch im Sinne der aufnehmenden Bevölkerung unseres 
Staates darf es keinen ungeordneten Zustrom von 
Menschen geben. Migration ist nur dann eine Chance, 
wenn sie geordnet erfolgt und sich an klaren Regeln orientiert. 
Das gilt für die Einwanderung von Fachkräften ebenso 
wie für die Aufnahme von Schutzsuchenden und Geflüchteten, 
die übrigens selbst auf Sicherheit und Verlässlichkeit 
durch klare Regeln angewiesen sind.

Anderenfalls besteht die Gefahr einer Destabilisierung 
ganzer Gesellschaften und auch unseres Staates. Das belegt 
auf sehr dramatische Weise das sehr perfide Vorgehen des 
weißrussischen Diktators, der genau diese Form der Destabilisierung 
als Drohkulisse nutzt. Dieser Mensch, der jede 
Kritik und jedes Freiheitsstreben seines eigenen Volkes 
brutal unterdrückt, lockt die Menschen mit Sicherheit nicht 
aus humanitären Gründen in sein Land. Die EU darf sich 
selbstverständlich nicht zum Spielball dieses skrupellosen 
Machtbesessenen machen. Ein Nachgeben im Sinne dieses 
Diktators würde weit",0.17670701,NON_HATE
86,047461152_20_2019-24_pdf_013_047461152_20_2019-24_pdf_013_0005,"Hessischer Landtag · 20. Wahlperiode · 13. Sitzung · 23. Mai 2019

27. 
Antrag 
Fraktion DIE LINKE 
Unabhängige Flüchtlingsberatung ausbauen 
statt Menschen mit Rückkehrberatung 
zur Ausreise zu drängen 
 Drucks. 20/499 ................................................927 
Von der Tagesordnung abgesetzt...........................927

28. 
Entschließungsantrag 
Fraktion der AfD 
Bekenntnis zur Bundeswehr 
 Drucks. 20/557 ................................................927 
Von der Tagesordnung abgesetzt...........................927",0.21060377,NON_HATE
87,047461152_20_2019-24_pdf_009_047461152_20_2019-24_pdf_009_0028,"(Turgut Yüksel (SPD): Worum geht es hier?)

Behörden, Polizei und Gerichte werden durch diese Asylverfahren 
und importierte Kriminalität völlig überlastet. 
Mit Drehtüreffekt werden alle Instanzen durchlaufen, ohne 
Konsequenz. 700.000 Ausreisepflichtige werden nicht abgeschoben, 
sondern weiter alimentiert. Prof. Sinn hat die 
Kostenbelastung für jeden dieser verbleibenden Migranten 
in einem Gutachten mit 450.000  beziffert. Dem ist Prof. 
Raffelhüschen gefolgt, und der geht bei der Migration alleine 
für das Jahr 2015 von Integrationskosten von 900 
Milliarden  aus.

Ihre 2.000 Stellen für Richter und Staatsanwälte sind kein 
geeigneter Beitrag, die kollektive Verwahrlosung dieses 
Landes aufzuhalten. Sie sind bestenfalls ein Tropfen auf 
den heißen Stein.",0.047879152,NON_HATE
88,047461152_20_2019-24_pdf_063_047461152_20_2019-24_pdf_063_0004,"27. 
Große AnfrageHeike Hofmann (Weiterstadt) (SPD), Gernot 
Grumbach (SPD), Knut John (SPD),
Heinz Lotz (SPD), Torsten Warnecke 
(SPD), Kerstin Geis (SPD), Karin Hartmann 
(SPD), Bijan Kaffenberger (SPD),
Gerald Kummer (SPD), Fraktion der SPDZustand des Waldes und Wasserversorgung 
Drucks. 20/2968 
zu Drucks. 20/2443 ...........5008 
Von der Tagesordnung abgesetzt.........................5008

28. 
Große AnfrageFraktion der AfD 
Flüchtlingsflüge nach Hessen Drucks. 20/3334 
zu Drucks. 20/2676 ...........5008 
Von der Tagesordnung abgesetzt.........................5008

29. 
Große AnfrageFraktion der SPD 
Digitale Lehre an hessischen Hochschulen Drucks. 20/3927 
zu Drucks. 20/2893 ...........5008 
Von der Tagesordnung abgesetzt.........................5008",0.17747748,NON_HATE
89,047461152_20_2019-24_pdf_111_047461152_20_2019-24_pdf_111_0013,"Hessischer Landtag · 20. Wahlperiode · 111. Sitzung · 14. Juli 2022 
8819

(Robert Lambrou (AfD): Das lösen wir aber nicht 
mit unausgebildeten Einwanderern!)

Um unseren Wohlstand zu sichern, brauchen wir diese 
Menschen. Sie tragen auch zu unserem Wohlstand bei.",0.024719693,NON_HATE
90,047461152_20_2019-24_pdf_081_047461152_20_2019-24_pdf_081_0047,"Sollte die EU-Kommission mit diesem Verfahren durchkommen, 
haben die Mitgliedstaaten die Kontrolle über den 
Prozess der europäischen Integration verloren. Das würde 
zu einem großen Bedeutungsverlust unseres Grundgesetzes 
führen, zu einem Verlust der Souveränität Deutschlands.",0.26120138,NON_HATE
91,047461152_20_2019-24_pdf_003_047461152_20_2019-24_pdf_003_0029,"Wir haben in Hessen viele akute Probleme, von der Kriminalitätsentwicklung 
in bestimmten Deliktsfeldern, der zum 
großen Teil misslungenen Integration, der anhaltenden 
Migration über fehlenden bezahlbaren Wohnraum bis hin 
zu drohenden Fahrverboten, Fachkräftemangel, Pflegenotstand 
und Problemen bei der Verkehrsinfrastruktur.

In Ihren vier Leitbildern aber stellen Sie ganz andere Themen 
in den Vordergrund: Wirtschaftsstärke, Digitalisierung, 
ein weltoffenes, also für Zuwanderung offenes Hessen, 
ein zukunftsfähiges Europa, ein nachhaltiges Hessen 
mit Klimaschutz, kulturelle Vielfalt, will heißen: Hessen ist 
bunt.

Allen bisher ungelösten Problemen wollen Sie mit einem 
Pakt beikommen: Mit einem Mobilfunkpakt, einem Digitalpakt, 
einem Hochschulpakt, einem Pakt für die Ganztagsschulen, 
einem Pakt für den Rechtsstaat, einem Gesundheitspakt 
3.0 und einem Zukunftspakt hessische Landwirtschaft. 
 Das alles haben Sie in der Regierungserklärung 
vielversprechend aufgelistet. Habe ich einen Pakt vergessen? 
 Kann sein, ist ja auch egal. Wir brauchen nämlich 
keine Pakte.",0.0150571335,NON_HATE
92,047461152_20_2019-24_pdf_138_047461152_20_2019-24_pdf_138_0051,"Da ich ahne, dass meine Ausführungen bei den GRÜNEN 
sauer aufstoßen werden und die GRÜNEN wieder mit 
Bauchschmerzen argumentieren, habe ich Ihnen heute 
ein paar Bauchschmerztabletten mitgebracht. Als Beipackzettel 
hätten wir Ihnen gerne die Genfer Flüchtlingskonvention 
mitgegeben. Die ist aber zu lang. Lesen Sie sich 
diese doch vielleicht einmal durch, meine Damen und Herren 
von den GRÜNEN.",0.17606585,NON_HATE
93,047461152_20_2019-24_pdf_114_047461152_20_2019-24_pdf_114_0103,"Wir sind am Ende der ersten Lesung angekommen und 
überweisen den Gesetzentwurf zur Vorbereitung der zweiten 
Lesung an den Ausschuss für Soziales und Integration.",0.16236344,NON_HATE
94,047461152_20_2019-24_pdf_119_047461152_20_2019-24_pdf_119_0109,"Beschlussempfehlung und BerichtSozial- und Integrationspolitischer AusschussDringlicher EntschließungsantragFraktion der CDU, Fraktion BÜNDNIS 90/DIE GRÜNEN 
Frühkindliche Bildung steht im Fokus des Landes Drucks. 20/9469 zu Drucks. 20/9361 

Wer stimmt dieser Beschlussempfehlung zu?  BÜNDNIS 
90/DIE GRÜNEN, die CDU und die Fraktionslosen. Wer 
ist dagegen?  DIE LINKE, die SPD und die FDP. Wer 
enthält sich?  Die AfD. Damit ist die Beschlussempfehlung 
angenommen.",0.017784806,NON_HATE
95,047461152_20_2019-24_pdf_120_047461152_20_2019-24_pdf_120_0014,"Der Unterschied zwischen Ihnen und den Absendern dieses 
Briefes ist, dass sie auf dem Boden des Grundgesetzes stehen, 
in dem steht: Menschen, die politisches Asyl suchen, 
wird geholfen, ebenso Menschen, die vor Bürgerkriegen 
flüchten und durch die Genfer Konvention geschützt sind. 
Wir haben den Auftrag, diese Menschen hier zu versorgen, 
sie unterzubringen und ihnen zu helfen.",0.25200146,NON_HATE
96,047461152_20_2019-24_pdf_007_047461152_20_2019-24_pdf_007_0037,"Rückführungen werden durch Angehörige der Kirchen sowie 
von Amnesty International bereits in den Räumlichkeiten 
der Rückführung am Flughafen überwacht.",0.27604273,NON_HATE
97,047461152_20_2019-24_pdf_016_047461152_20_2019-24_pdf_016_0010,"Es ist durchaus lohnend, einen Blick in den Anhang der 
Antwort der Staatskanzlei auf die Kleine Anfrage meiner 
Fraktion vom 14. Februar 2019 zu werfen. Diesem kann 
entnommen werden, dass z. B. dem Finanzministerium das 
Bemühen um eine CO2-neutrale Verwaltung insgesamt

60.000  Steuergeld wert war, das Ministerium für Wissenschaft 
und Kunst für die Überprüfung des Hochschulzugangs 
externen Beratern ca. 700.000  bezahlt hat und dem 
Innenministerium die Eruierung der freiwilligen Rückkehr 
illegaler Migranten vergleichsweise bescheidene 50.000  
wert war. Das Umweltministerium schließlich wartet mit 
gleich zehn Beraterverträgen zur Klimakampagne und zum 
Klimaschutzplan auf, die in ihrer Summe den Steuerzahler 
ca. 1 Million  kosten. 
Einige von Ihnen mögen einwenden, dass es sich hierbei 
im Vergleich zu anderen Haushaltsposten doch um eher 
marginale Beträge handelt. Nach rein quantitativer Betrachtung 
ist dies zweifelsohne korrekt; die Sichtweise 
greift allerdings deutlich zu kurz. Bedenken Sie: Wenn ein 
Beratervertrag mit einem Unternehmen, welches dieses 
Wissensprodukt anbietet, abgeschlossen wird, wird die Beratungsdienstleistung 
stets unter der Voraussetzung er",0.02690264,NON_HATE
98,047461152_20_2019-24_pdf_129_047461152_20_2019-24_pdf_129_0029,"mit oder ohne Verfolgung. Sie wollen keine Abschiebung. 
Dann sagen Sie es doch ehrlich und führen nicht dieses 
Thema mit dem Erdbeben an.",0.90958357,HATE
99,047461152_20_2019-24_pdf_015_047461152_20_2019-24_pdf_015_0003,"54. 
Beschlussempfehlung und Bericht 
Ausschuss für Wirtschaft, Energie, Verkehr 
und Wohnen 
Antrag 
Fraktion der Freien Demokraten 
Bürokratie abbauen  Bürger und Unternehmen 
entlasten  Chancen der Digitalisierung 
nutzen 
 Drucks. 20/712 
zu Drucks. 20/390 ...............1085 
Beschlussempfehlung angenommen....................1085

55. 
Beschlussempfehlung und Bericht 
Sozial-und Integrationspolitischer Ausschuss 
Antrag 
Dr. Daniela Sommer (SPD), Lisa Gnadl 
(SPD), Ulrike Alex (SPD), Frank-Tilo Becher 
(SPD), Wolfgang Decker (SPD), Fraktion 
der SPD 
Einführung einer Impfpflicht gegen Masern 
 Drucks. 20/718 
zu Drucks. 20/621 ...............1085 
Beschlussempfehlung angenommen....................1085

56. 
Beschlussempfehlung und Bericht 
Sozial-und Integrationspolitischer Ausschuss 
Dringlicher Antrag 
Fraktion der Freien Demokraten 
Masern und weitere lebensbedrohlichen 
Infektionskrankheiten ausrotten 
 Drucks. 20/719 
zu Drucks. 20/667 ...............1085 
Beschlussempfehlung angenommen....................1085",0.19384922,NON_HATE
100,047461152_20_2019-24_pdf_027_047461152_20_2019-24_pdf_027_0051,"Wir stärken sie in zwei ganz konkreten Punkten: Die Wahltermine 
werden zusammengelegt. Das ist eine langjährige 
Forderung der Arbeitsgemeinschaft der Ausländerbeiräte 
in Hessen. Außerdem regeln wir erstmals klar in der Hessischen 
Gemeindeordnung, dass die Ausländerbeiräte ein

Antragsrecht haben. Wir stärken also die Ausländerbeiräte 
mit diesem Gesetzentwurf.",0.31908455,NON_HATE
101,047461152_20_2019-24_pdf_142_047461152_20_2019-24_pdf_142_0030,"Meine Damen und Herren, nach erster Lesung überweisen 
wir diesen Gesetzentwurf zur weiteren Beratung an den 
Sozial- und Integrationspolitischen Ausschuss.",0.88760376,NON_HATE
102,047461152_20_2019-24_pdf_088_047461152_20_2019-24_pdf_088_0005,"41. 
AntragFraktion der AfD 
Regelmäßige Aktualisierung und Sicherstellung 
der tatsächlichen Erfüllung des 
Pandemieplans Hessen
 Drucks. 20/5270 ............................................7152 
Von der Tagesordnung abgesetzt.........................7152

44. 
AntragFraktion DIE LINKE 
Abschiebungen nach Somalia aussetzen Drucks. 20/5492 ............................................7152 
Von der Tagesordnung abgesetzt.........................7152",0.30587223,NON_HATE
103,047461152_20_2019-24_pdf_107_047461152_20_2019-24_pdf_107_0032,"Heimat ist, wo niemand bangen muss, nachts geweckt und 
abgeschoben zu werden, wo die Menschenwürde nicht am 
Aufenthaltstitel hängt.",0.012584268,HATE
104,047461152_20_2019-24_pdf_099_047461152_20_2019-24_pdf_099_0035,"Wir wissen, selbst wenn wir die notwendigen Instrumente 
hätten, würde es natürlich nicht über Nacht gelingen, 
alle Menschen unterzubringen. Dennoch: Zelte, Container, 
die Belegung von Turnhallen und all das müssen zeitlich 
befristete Ausnahmen bleiben. Ich bin zuversichtlich, dass 
es gelingen kann. Es ist angesprochen worden: Tausende 
Menschen zeigen eine enorme Solidarität für Geflüchtete. 
Ich bin begeistert, mit welcher Selbstverständlichkeit die 
Menschen ihre Türen für die Menschen in Not öffnen.

Man kann schon sagen, es ist wie 2015: Die Unterstützungskampagne 
für Geflüchtete ist eine der größten zivilgesellschaftlichen 
Bewegungen, die Deutschland je gesehen 
hat. Sie hat all unseren Respekt und all unsere Unterstützung 
verdient, meine Damen und Herren.",0.013048992,NON_HATE
105,047461152_20_2019-24_pdf_078_047461152_20_2019-24_pdf_078_0025,"(Beifall BÜNDNIS 90/DIE GRÜNEN und CDU  
Zuruf SPD)

Mehrsprachigkeit ist ein Gewinn. Das haben die Koalitionsfraktionen 
immer wieder deutlich gemacht. Um die entstandenen 
Missverständnisse ganz deutlich auszuräumen, 
haben wir in dem heute vorgelegten Antrag noch einmal 
festgestellt: Wir sehen die Mehrsprachigkeit von Schülerinnen 
und Schülern, die selbst migriert sind oder deren Eltern 
einen Migrationshintergrund haben, als Gewinn an.

Der herkunftssprachliche Unterricht, der sich primär an 
diejenigen richtet, die bereits sehr umfangreiche Kenntnisse 
der gesprochenen Sprache haben, ist ein Baustein, genauso 
wie der Fremdsprachenunterricht, der sich an diejenigen 
wendet, die kaum oder keine Kenntnisse dieser Sprache 
haben.",0.023509415,NON_HATE
106,047461152_20_2019-24_pdf_130_047461152_20_2019-24_pdf_130_0018,"Ich erinnere mich daran, dass Herr Kollege Klose auf 
dem Gipfel insbesondere das Thema Integrationskosten 
angesprochen hat. Wir haben von der Unterbringung in 
Kindergärten und Schulen bis in nahezu alle anderen Lebensbereiche 
hinein hohe Integrationskosten, sodass wir 
beim Bund angemahnt haben, dass die entsprechenden Unterstützungsmaßnahmen 
ausgeweitet werden müssen.

Auf der Ministerpräsidentenkonferenz in der vergangenen 
Woche ist dafür ein Vier-Säulen-Modell erarbeitet worden. 
Dieses Modell umfasst die Kosten für die Unterbringungen, 
Integrationsleistungen für unbegleitete minderjährige 
Flüchtlinge sowie einen weiteren Punkt, der mir im Moment 
nicht einfällt, den ich Ihnen aber gleich noch sage.",0.012202453,NON_HATE
107,047461152_20_2019-24_pdf_074_047461152_20_2019-24_pdf_074_0059,"Herr Präsident, liebe Kolleginnen und Kollegen! Ich darf 
die Beschlussempfehlung vortragen. Der Sozial- und Integrationspolitische 
Ausschuss empfiehlt dem Plenum, den 
Gesetzentwurf in zweiter Lesung abzulehnen, mit den 
Stimmen von CDU, BÜNDNIS 90/DIE GRÜNEN, SPD 
und DIE LINKE gegen AfD und Freie Demokraten.",0.027576566,NON_HATE
108,047461152_20_2019-24_pdf_125_047461152_20_2019-24_pdf_125_0065,"Es hat sich als richtig erwiesen, das wir auf Beratung statt 
auf Intervention gesetzt haben und den Verantwortlichen 
die für die Transformation notwendige Zeit eingeräumt haben. 
Uns ist es so gelungen, rechtswidrige Techniksysteme, 
die in der Not der Pandemie als nächstliegende Lösungen 
genutzt wurden, durch rechtmäßige Lösungen zu ersetzen.

Stark zugenommen hat 2021 die Europäisierung des Datenschutzes. 
Um eine einheitliche Anwendung des Datenschutzrechts 
in der Union zu erreichen, fordert die Datenschutz-
Grundverordnung ein intensives Zusammenwirken 
zwischen den Aufsichtsbehörden der Mitgliedstaaten. 
Grenzüberschreitende Aufsichtsverfahren, in denen wir mit 
ausländischen Aufsichtsbehörden zusammenarbeiten mussten, 
haben von 812 im Jahr 2020 um zwei Drittel auf

1.419 Verfahren im Jahr 2021 zugenommen. Da in diesen 
Verfahren entschieden wird, wer Einfluss auf das künftige 
Verständnis des Datenschutzes in der Europäischen Union 
haben wird, ist eine intensive Beteiligung notwendig. 
Auch im Berichtsjahr 2021 prägte die Corona-Pandemie 
die Aufsichtstätigkeit. Immer wieder änderten sich die Lage 
der Pandemie, die Maßnahmen zu ihrer Bekämpfung 
und einschlägigen Recht",0.044975292,NON_HATE
109,047461152_20_2019-24_pdf_091_047461152_20_2019-24_pdf_091_0098,"Nochmals vielen Dank für Ihren Einwurf und dafür, dass 
Sie unsere Anträge so genau lesen. Unser Respekt dafür.

Die nächste große Position, die wir um 50 % kürzen, nämlich 
um rund 74 Millionen , findet sich unter der Bezeichnung 
Flüchtlinge, Spätaussiedler, Wiedergutmachung, 
wobei wir hier teilweise einen Empfängerkreis sehen, welcher 
größtenteils kein dauerhaftes Bleiberecht in Hessen 
hat, und es bereits andere Produkte im hessischen Haushalt 
gibt, die das abdecken. Hier ist die hessische Regierung 
schlicht gefordert, zu handeln.

Die unbegleiteten minderjährigen Flüchtlinge sind die 
nächste Position, welche in der Kürzung rund 29 Millionen 
 ausmacht. Das ist ein Drittel des Ursprungsbetrages, 
und auch hier muss die Hessische Landesregierung handeln; 
denn wir dürfen davon ausgehen, dass aufgrund einer 
fehlenden Altersfeststellung mindestens 25 % der unbegleiteten 
minderjährigen Flüchtlinge nicht minderjährig 
sind.",0.014202083,NON_HATE
110,047461152_20_2019-24_pdf_079_047461152_20_2019-24_pdf_079_0027,"Vielen Dank, Herr Staatsminister Klose.  Mir liegen keine 
weiteren Wortmeldungen vor.

Damit sind wir am Ende der zweiten Lesung angekommen 
und können den Gesetzentwurf der Landesregierung, 
Drucks. 20/6039 zu Drucks. 20/5474, zur weiteren Beratung 
und zur Vorbereitung der dritten Lesung an den Sozial- 
und Integrationspolitischen Ausschuss überweisen, zusammen 
mit dem Änderungsantrag der Fraktion DIE LIN",0.33354366,NON_HATE
111,047461152_20_2019-24_pdf_135_047461152_20_2019-24_pdf_135_0005,"39. 
Dringlicher AntragFraktion DIE LINKE 
Den Krieg zu ächten heißt, Deserteuren, 
Kriegsdienstverweigerern und Reservisten 
Schutz zu gewähren!
 Drucks. 20/9309 .......................................... 
Von der Tagesordnung abgesetzt.......................

40. 
AntragFraktion der AfD 
Rentengerechtigkeit für Flüchtlinge, Übersiedler 
und ehemalige politische Häftlingeaus der DDR 
 Drucks. 20/10516 ........................................ 
Von der Tagesordnung abgesetzt.......................

42. 
AntragFraktion der Freien Demokraten 
Sprache ist Kultur, Tradition und Heimat 
 sprachliche Vielfalt in Hessen stärken  
Dialekte erhalten 
 Drucks. 20/10607 ........................................ 
Von der Tagesordnung abgesetzt.......................",0.17528431,NON_HATE
112,047461152_20_2019-24_pdf_094_047461152_20_2019-24_pdf_094_0053,"Sogar der Fortbestand unseres Staates sei in Gefahr. In den 
Worten des Bundesverfassungsgerichtes stehe

es dem genannten Urteil gleichsam auf die Stirn geschrieben, 
dass der Richter, der es abgefasst hat, Migration 
für ein grundlegendes, die Zukunft unseres 
Gemeinwesens bedrohendes Übel hält.

Damit hält er, der Richter, die Wahlplakataussage der verfassungswidrigen 
NPD Migration tötet für empirisch belegt 
und richtig. Kolleginnen und Kollegen, das ist ungeheuerlich.",0.014639855,NON_HATE
113,047461152_20_2019-24_pdf_091_047461152_20_2019-24_pdf_091_0018,"Anderenfalls besteht die Gefahr einer Destabilisierung 
ganzer Gesellschaften und auch unseres Staates. Das belegt 
auf sehr dramatische Weise das sehr perfide Vorgehen des 
weißrussischen Diktators, der genau diese Form der Destabilisierung 
als Drohkulisse nutzt. Dieser Mensch, der jede 
Kritik und jedes Freiheitsstreben seines eigenen Volkes 
brutal unterdrückt, lockt die Menschen mit Sicherheit nicht 
aus humanitären Gründen in sein Land. Die EU darf sich 
selbstverständlich nicht zum Spielball dieses skrupellosen 
Machtbesessenen machen. Ein Nachgeben im Sinne dieses 
Diktators würde weitere Prüffaktoren für illegale Migration 
und weitere Belastungsproben für die aufnehmenden Staaten 
bringen.

Wir müssen verständlich machen, dass unser Asylsystem 
für Verfolgte, für Schutzsuchende steht  im Einklang mit 
der Genfer Flüchtlingskonvention. Aber es steht nun einmal 
nicht für die Hoffnung auf ein besseres Leben. Sosehr 
ich das Bestreben der Menschen verstehen kann, so sehr 
kann ich nur davor warnen, sich in die Hände skrupelloser 
Schlepper zu begeben oder sich gar als Druckmittel eines 
Diktators instrumentalisieren zu lassen.

Die Versorgung von Schutzsuchenden ist weder e",0.028263334,NON_HATE
114,047461152_20_2019-24_pdf_004_047461152_20_2019-24_pdf_004_0013,"In allen Landtagen gibt es hierfür eine Mehrheit. Verschonen 
Sie dieses Land mit Ihrer ideologischen Blockadehaltung. 
Machen Sie den Weg frei für eine vernünftige Asyl-
und Innenpolitik.",0.4031638,NON_HATE
115,047461152_20_2019-24_pdf_113_047461152_20_2019-24_pdf_113_0010,"Alles in allem sind wir jedoch bei Ihnen: Die Raumfahrt 
und die damit verbundene Forschung und Entwicklung haben 
in den letzten Jahrzehnten viele Fortschritte und Innovationen 
hervorgebracht, die aus dem heutigen Leben nicht 
mehr wegzudenken sind. Daher ist es auch sinnvoll, wenn 
wir als Bundesland diese Sparte nicht vernachlässigen. 
Aber nun macht Ihnen Ihre abgöttisch verehrte Europäische 
Union mit der neuen Raumfahrtagentur EUSPA einen 
Strich durch die Rechnung; denn die EU hat Doppelstrukturen 
geschaffen, die Ihrer Strategie Hessen in Space 
zuwiderlaufen. Doch seien wir einmal ganz ehrlich: Das ist 
bei der EU doch normal; denn dort arbeitet man seit Jahrzehnten 
konsequent gegen die Interessen des Zahlmeisters 
Deutschland  sei es bei der Migrations- und Europolitik 
oder jüngst beim Green Deal.

(Beifall AfD  Torsten Felstehausen (DIE LINKE): 
Jetzt noch ein bisschen Inhalt!)",0.02522383,NON_HATE
116,047461152_20_2019-24_pdf_135_047461152_20_2019-24_pdf_135_0109,"Tagesordnungspunkt 51, Drucks. 20/10968, wird abschließend 
an den Sozial- und Integrationspolitischen Ausschuss 
überwiesen.

Tagesordnungspunkt 57, 
Drucks. 20/11072, wird ebenfalls 
abschließend an den Sozial-und Integrationspolitischen 
Ausschuss überwiesen.

Tagesordnungspunkt 58, 
Drucks. 20/11073, wird abschließend 
an den Innenausschuss überwiesen, mit Beteiligung 
des Sozial- und Integrationspolitischen Ausschusses.",0.20395574,NON_HATE
117,047461152_20_2019-24_pdf_138_047461152_20_2019-24_pdf_138_0087,"sche Ausschuss empfiehlt dem Plenum, den Gesetzentwurf 
in zweiter Lesung anzunehmen, mit den Stimmen von 
CDU, BÜNDNIS 90/DIE GRÜNEN, AfD und Freien Demokraten 
gegen SPD und DIE LINKE.

Beschlussempfehlung zum Gesetzentwurf der SPD, 
Drucks. 20/10510: Der Sozial-und Integrationspolitische 
Ausschuss empfiehlt dem Plenum, den Gesetzentwurf in 
zweiter Lesung abzulehnen, mit den Stimmen von CDU,
BÜNDNIS 90/DIE GRÜNEN und AfD gegen SPD und 
DIE LINKE bei Stimmenthaltung der Freien Demokraten.

Drittens die Beschlussempfehlung zum Gesetzentwurf der 
LINKEN, Drucks. 20/10518: Der Sozial- und Integrationspolitische 
Ausschuss empfiehlt dem Plenum, den Gesetzentwurf 
in zweiter Lesung abzulehnen, mit den Stimmen 
von CDU, BÜNDNIS 90/DIE GRÜNEN und AfD gegen 
SPD und DIE LINKE bei Stimmenthaltung der Freien Demokraten.",0.032622848,NON_HATE
